{
  "meta_title": "",
  "meta_description": "",
  "sections": [
    {
      "type": "banner-slider",
      "autoplay": 4000,
      "slides": [
        {
          "img": "/img/uploads/design-sem-nome.png",
          "link": "",
          "alt": "",
          "start": "",
          "end": ""
        },
        {
          "start": "",
          "end": "",
          "img": "/img/uploads/design-sem-nome-2-.png"
        }
      ]
    },
    {
      "type": "collection-shelf",
      "shuffle": true,
      "collection_id": null,
      "limit": 12,
      "page": 1
    },
    {
      "type": "page-title",
      "title": "",
      "description": ""
    }
  ]
}